{
    "rmse": 0.6926436320077256,
    "mae": 0.5332350918904194,
    "r2": 0.2998254859142344
}