{
    "rmse": 0.6935874432851697,
    "mae": 0.5386741385544191,
    "r2": 0.2151987577260761
}